{"avg_prediction_time": 0.1687028211705825, "avg_fps": 5.927583149240036, "avg_iou": 0.40710177430335215}