{"avg_prediction_time": 0.026270328362782796, "avg_fps": 38.06575944504375, "avg_iou": 0.12601583503807584}