{"avg_prediction_time": 0.026694040298461914, "avg_fps": 37.4615453044633, "avg_iou": 0.16011937458068132}