{"avg_prediction_time": 0.17322635510388543, "avg_fps": 5.772793634088132, "avg_iou": 0.2234652819947722}