{"avg_prediction_time": 0.025920203924179076, "avg_fps": 38.57994338799058, "avg_iou": 0.18224792093038558}