{"avg_prediction_time": 0.027758005460103354, "avg_fps": 36.02564317660728, "avg_iou": 0.12372083043058714}